[{"model": "auth.user", "pk": 5, "fields": {"password": "pbkdf2_sha256$260000$OaG8JXUxQOD2ARCauCghZS$eYc1Uroh/5Bq8N9IRe3YyXbM1DQjhTHOJGWnog8Q+aw=", "last_login": "2021-12-08T00:05:54.650Z", "is_superuser": true, "username": "superuser", "first_name": "", "last_name": "", "email": "", "is_staff": true, "is_active": true, "date_joined": "2021-12-07T23:57:56.941Z", "groups": [], "user_permissions": []}}, {"model": "sessions.session", "pk": "00ra2nw413sv5teg881468qo6ei6s0hz", "fields": {"session_data": ".eJxVjksOgzAMRO_iNYqcQALJsvueAcVO-LQVID4rxN2bSCza1VjzxqM5ofXHPrTHFtd2DOBAQvHrked3nDIILz_1s-B52teRRI6Im27iOYf4edzZv4LBb0P6Zm-VlGQ0hjpg401HRpFiTWVjiKsSa4w2aFaarZEaK5ZdZ2trI2JjqlRKvgd3poFOFlCCU5jELSLPNvnM5Lq-Lv9AXQ:1msNEW:Mp73foMAduIs0DsuGn890JRIMI30cRiNhwifFFfPWx0", "expire_date": "2021-12-15T10:53:04.521Z"}}, {"model": "sessions.session", "pk": "4jy1g1yidhu0d5yb6ni6dgohzzjgyua7", "fields": {"session_data": "eyJfc2Vzc2lvbl9leHBpcnkiOjB9:1mrSIP:qDjNFG603eJNjiS6MUMkL2s_Q_3BHR5x2azRkwuc1Rs", "expire_date": "2021-12-12T22:05:17.018Z"}}, {"model": "sessions.session", "pk": "50uncve5lmp3szjcadf8it299wr20uz2", "fields": {"session_data": "eyJiYWciOnsiMzoxIjoyLCIzOjMiOjEsIjE6MSI6MTB9fQ:1msQJD:SaD54Iwl9Jsts4o9TGKFZQfP-dp77P0z4I9ObxAYbTA", "expire_date": "2021-12-15T14:10:07.756Z"}}, {"model": "sessions.session", "pk": "b7docuqhx5i7k5j19y3i0efkez8qcthn", "fields": {"session_data": "eyJiYWciOnsiMTozIjoyfX0:1muNxy:P4VpzZTg3zEPmVPS5CXzXVPDxO-2Gm2InCTTAlPIvcE", "expire_date": "2021-12-21T00:04:18.244Z"}}, {"model": "sessions.session", "pk": "bdt5timu3k1asecat47pe842x9dorsyi", "fields": {"session_data": ".eJxVjMsOwiAQRf-FtSED5enSvd9AmAGkaiAp7cr479qkC93ec859sRC3tYZt5CXMiZ2ZYKffDSM9cttBusd265x6W5cZ-a7wgw5-7Sk_L4f7d1DjqN-aopdCoNGQbAIXTUEjUZLGyRkkNYGF7JMmqckboUGRKMVb7zOAM4q9P9sMN0E:1mrmVn:Rr7beRnaY5YziKI5o4larHX2-0GQVRUy_kD99z4bk6Y", "expire_date": "2021-12-13T19:40:27.132Z"}}, {"model": "sessions.session", "pk": "deqkoeehq5zppa337k73wph8ksxplo9k", "fields": {"session_data": ".eJxVjDkOgzAQRe8ydWSNDV7L9DkDmhmbJYlAYqkQd0-QaGj_e-_vwNRB2sEkDckcD2hoW_tmW8rcDBkSaLhtTPIp4wnym8ZuUjKN6zywOhV10UW9ply-z8u9HfS09P9aKBqt2VnMPmMg17IzbMRyFRxLXaHHErMVYyU6bbEW3bbRx1gQg6vh-AG_qjta:1msVdl:YwNRukVZtIqIGIlTkl3gDlmfEvp6q1H3NbS75_1dhY8", "expire_date": "2021-12-15T19:51:41.082Z"}}, {"model": "sessions.session", "pk": "dussiz6q9pvytm2zvg8qbmy4t7621nhm", "fields": {"session_data": ".eJxVjMsOwiAQRf-FtSED5enSvd9AmAGkaiAp7cr479qkC93ec859sRC3tYZt5CXMiZ2ZYKffDSM9cttBusd265x6W5cZ-a7wgw5-7Sk_L4f7d1DjqN-aopdCoNGQbAIXTUEjUZLGyRkkNYGF7JMmqckboUGRKMVb7zOAM4q9P9sMN0E:1ms0vn:fAK5rYB-hNRdW-SrymMTqWQOk2Rw8cYgYINpIuhajAs", "expire_date": "2021-12-14T11:04:15.962Z"}}, {"model": "sessions.session", "pk": "ea6efcg2uxqm1tm7657k2zczsegh6hfm", "fields": {"session_data": "eyJfc2Vzc2lvbl9leHBpcnkiOjB9:1mrSIO:k4ALbI1fivuu6pyiChBwz_Lsi55bX4G6sVJqzeW-ybc", "expire_date": "2021-12-12T22:05:16.818Z"}}, {"model": "sessions.session", "pk": "eezlgqu335vddk6kmnu9pk6yo2ee01hg", "fields": {"session_data": "eyJfc2Vzc2lvbl9leHBpcnkiOjB9:1mukNi:GoaRj0CYThJkL3gffMYYet9VGrnm2AH0-yIKLW8yITI", "expire_date": "2021-12-22T00:00:22.396Z"}}, {"model": "sessions.session", "pk": "g6rivp5v1rr82ktomvi4o5izoy4jen5a", "fields": {"session_data": ".eJxVjMsOwiAURP-FtSE8RIJL934D4T6QqoGktKvGf7ckXegs55yZTcS0LiWunec4kbgKJ06_HSR8cR2Anqk-msRWl3kCORR50C7vjfh9O9y_g5J62dchEJ-V1sDekIdL1o6d0oQqe6uQmEIwbABc0h7R2d2BgGRthhHx-QL38TkV:1mukT4:2LwygfkkH6VBbrLjgQsTuKw_Xh_tY86A9_lQnswULek", "expire_date": "2021-12-22T00:05:54.659Z"}}, {"model": "sessions.session", "pk": "lnqtyqz22i8jt5o2z8kcf3mnxbt0h4cg", "fields": {"session_data": ".eJxVjDkOhDAMRe_iGkVxIGs5_ZwBxU6AWQQSS4W4-5ARDZW_3192oNhD2AEDQjAV1OViBSgvYYOCoE8Q6v-vClfKHRW0cVuHdlvy3L4SBEC4MYr8yWMx0juO_SR4Gtf5RaJExOUu4jml_H1c2dvAEJfhbHP0CpGMlskm6aLpyChSrKl2hrippZXZJ81KszeoZcPYdd56n6V0poHjB3euQ1s:1msUFi:nveLpzaIjVGm4QmeyBrjRMedJ-8K3KwFwXgHWrXSCsU", "expire_date": "2021-12-15T18:22:46.689Z"}}, {"model": "sessions.session", "pk": "mn28pqq3k4ishp43q2p0azevqau2qwx3", "fields": {"session_data": "eyJiYWciOnsiMToxIjoxfX0:1msNSj:rEbyBPupKnvUxHl3Z-9nBzcrfz8M4GfiGpRSu4LcbEQ", "expire_date": "2021-12-15T11:07:45.066Z"}}, {"model": "sessions.session", "pk": "mn7ifbpo0lhcpcrws5djlwyjk73tlkx2", "fields": {"session_data": "eyJiYWciOnsiMToxIjoxLCIzOjMiOjEsIjExOjIiOjEwfX0:1msNja:YB4uFzVHp2j_SwgJFPvpoDknMuU2GeXL1XrW8yizZgM", "expire_date": "2021-12-15T11:25:10.736Z"}}, {"model": "sessions.session", "pk": "o9d5tcgdtxfgdxymfaspm3waxkbctiu5", "fields": {"session_data": "eyJiYWciOnsiNjoxIjoxLCIyOjEiOjIsIjM6MyI6MywiMTE6MyI6Mn19:1msNbS:ojJPtQ6O9FVSs0Vr_cuMBBiwHVkYGafUpDXCkyr6BNQ", "expire_date": "2021-12-15T11:16:46.704Z"}}, {"model": "sessions.session", "pk": "p4f14m6kse329fkckt6pwc8tf40ix3m1", "fields": {"session_data": "eyJiYWciOnsiNDoxIjo1LCI0OjMiOjEsIjQ6MiI6MX19:1msNGz:GE0uah3zjvOPSG8f6bNCN5eCyg19Tkdld0oWGr_x3HE", "expire_date": "2021-12-15T10:55:37.612Z"}}, {"model": "sessions.session", "pk": "sz0m5lbftxovw04au5uom7nlogjquq0l", "fields": {"session_data": ".eJxVjEEOwiAURO_C2pD_gVLs0r1nIBS-ghpoSptojHe3JF3oapKZN-_NrFuXaNdKs02BDUyyw283On-n3IZwc_lauC95mdPIG8L3tfJzCfQ47eyfILoat7fpxdFoLVUABVsQdCCMNui1JFJGEIFHFGFUJGWPARA7cyFQCklo36SVak0lW3pOaX6xAT5fIlM9gg:1muho9:eaV0iJyroVm2dvQdK9Fr402z9-gkGFXAeyN9gpV-Nzk", "expire_date": "2021-12-21T21:15:29.710Z"}}, {"model": "sessions.session", "pk": "uds2btg7pw7by9wj8ky7th0p0ocyrnoq", "fields": {"session_data": ".eJxVjDsOwyAQRO9CHSFY802Z3mdACyzBSYQlY1dR7h5bcpGUM-_NvFnAba1h67SEKbMrk-zy20VMT2oHyA9s95mnua3LFPmh8JN2Ps6ZXrfT_Tuo2Ou-Bqs1knXSFOWtKCkJVEp7oT2WYmBwgyPrhUcLUKJCkgUkgUGRYU_s8wXHFzd2:1mukBr:S0pwIirdxatkRg8PetTMbBXOcC_zKqoqKgjN2Lr9s44", "expire_date": "2021-12-21T23:48:07.405Z"}}, {"model": "sessions.session", "pk": "umsv9k0e1mc0dmnstk6r9qt83uttosne", "fields": {"session_data": "eyJfbWVzc2FnZXMiOiJbW1wiX19qc29uX21lc3NhZ2VcIiwgMCwgMjUsIFwiWW91IGhhdmUgc2lnbmVkIG91dC5cIl1dIn0:1mrSsC:GfM-ERUnHMb2mguan-C8BTorKY9KeHI3MMWexfsOmKU", "expire_date": "2021-12-12T22:42:16.271Z"}}, {"model": "sessions.session", "pk": "uskqe1d0170r4q7sbbo9huxhpgmnj10w", "fields": {"session_data": "eyJzYXZlX2luZm8iOmZhbHNlfQ:1muhZ1:KtauzkCaVr2vk437g0TaPnUpptRGotcNaRx_P6QUNOk", "expire_date": "2021-12-21T20:59:51.760Z"}}, {"model": "sessions.session", "pk": "xn3rxeg05rbot6h7cf3ihjlgrkyrtpf2", "fields": {"session_data": ".eJxVjMEOgyAQRP-Fc0NgBRGPvfcbyAq71dZAItpL03-vJl48zrw38xUVPxSmzEX0jHOlmwi4rWPYKi1hSqIXWly6AeOb8gHSC_OzyFjyukyDPBR50iofJdF8P93LwYh13NfgrEVynW7ZeKc4RoXGWK-sR-YWmq7pyHnl0QHwYJA0gyZoUSXYk_j9AVOhPeU:1mujjn:iQYNoB2EKaGQxLPuKKduCp-eXLLh5U5bzToenMBGwKU", "expire_date": "2021-12-21T23:19:07.194Z"}}, {"model": "sessions.session", "pk": "zgip54b6mtsown7w2iomasvt8gynqfl3", "fields": {"session_data": ".eJxVjDsOgzAQRO-yNbLWBhvsMn3OgHbX5pNEIGGoEHcPSDRUI817Mzsw9RB20EFDMMWZ5syjgJa2dWi3nJZ2jBBAw6Njkm-aLhA_NPWzknlal5HVpaibZvWeY_q9bvdxMFAezrWQN1qzsxjriA25jp1hI5bLxrFUJdaYfLRirHinLVaiu87X3ifExlVw_AHiFTzS:1mssrn:VCLa0hLvu9saOdDfHo8X3S7gUxsp1YnXNK6yBzecuuM", "expire_date": "2021-12-16T20:39:43.960Z"}}, {"model": "sites.site", "pk": 1, "fields": {"domain": "concert-travel.example.com", "name": "Concert Travel"}}, {"model": "events.pickloc", "pk": 1, "fields": {"location": "Limerick", "pick_time": "14:00", "sort": 1, "fare": "30.00"}}, {"model": "events.pickloc", "pk": 2, "fields": {"location": "Nenagh", "pick_time": "14:30", "sort": 2, "fare": "25.00"}}, {"model": "events.pickloc", "pk": 3, "fields": {"location": "Roscrea", "pick_time": "15:00", "sort": 3, "fare": "20.00"}}, {"model": "events.eventtype", "pk": 1, "fields": {"event_type": "Concert", "friendly_name": null}}, {"model": "events.eventtype", "pk": 2, "fields": {"event_type": "Festival", "friendly_name": null}}, {"model": "events.eventtype", "pk": 3, "fields": {"event_type": "Sporting", "friendly_name": null}}, {"model": "events.eventtype", "pk": 4, "fields": {"event_type": "Shopping", "friendly_name": null}}, {"model": "events.eventtype", "pk": 5, "fields": {"event_type": "Day Trip", "friendly_name": null}}, {"model": "events.destination", "pk": 1, "fields": {"destination": "3Arena", "friendly_name": "The 3Arena Dublin"}}, {"model": "events.destination", "pk": 2, "fields": {"destination": "Croke Park", "friendly_name": "Croke Park Dublin"}}, {"model": "events.destination", "pk": 3, "fields": {"destination": "Malahide Castle", "friendly_name": "Malahide Castle Dublin"}}, {"model": "events.destination", "pk": 4, "fields": {"destination": "Aviva Stadium", "friendly_name": "The Aviva Stadium Dublin"}}, {"model": "events.destination", "pk": 5, "fields": {"destination": "Pairc UÍ Chaoimh", "friendly_name": "Pairc UÍ Chaoimh Cork"}}, {"model": "events.eventlist", "pk": 1, "fields": {"event_type": 1, "event_dest": 1, "name": "Dermot Kennedy", "description": "Ex Limerick", "event_date": "2021-12-13", "publish": true, "long_desc": "You won't go lonely - Full Concert in Aid of Focus Ireland & Pieta\r\n\r\nGlobal star DERMOT KENNEDY today announces two nights at 3Arena on December 13th and 14th, with all profits going to the PIETA and FOCUS IRELAND charities.\r\nGeneral tickets on sale from Friday 19th November.", "image_url": "https://8000-orange-ape-i2ed51hn.ws-eu21.gitpod.io/media/concert-travel-dermot-kennedy_XuDiaTp.png", "image": "concert-travel-dermot-kennedy_XuDiaTp.png"}}, {"model": "events.eventlist", "pk": 2, "fields": {"event_type": 1, "event_dest": 1, "name": "Dermot Kennedy", "description": "Ex Limerick", "event_date": "2021-12-14", "publish": true, "long_desc": "You won't go lonely - Full Concert in Aid of Focus Ireland & Pieta\r\n\r\nGlobal star DERMOT KENNEDY to play two nights at 3Arena on December 13th and 14th, with all profits going to the PIETA and FOCUS IRELAND charities.\r\nGeneral tickets on sale from Friday 19th November.", "image_url": "https://8000-orange-ape-i2ed51hn.ws-eu20.gitpod.io/media/concert-travel-dermot-kennedy.png", "image": "concert-travel-dermot-kennedy_oLTrSux.png"}}, {"model": "events.eventlist", "pk": 3, "fields": {"event_type": 1, "event_dest": 2, "name": "Garth Brooks", "description": "Ex Limerick", "event_date": "2022-09-09", "publish": true, "long_desc": "", "image_url": "https://8000-orange-ape-i2ed51hn.ws-eu21.gitpod.io/media/concert-travel-garth-brooks-1080x1080.jpg", "image": "concert-travel-garth-brooks-1080x1080.jpg"}}, {"model": "events.eventlist", "pk": 4, "fields": {"event_type": 1, "event_dest": 2, "name": "Garth Brooks", "description": "Ex Limerick", "event_date": "2022-09-10", "publish": true, "long_desc": "", "image_url": null, "image": "concert-travel-garth-brooks-1080x1080_VjM9kMX.jpg"}}, {"model": "events.eventlist", "pk": 5, "fields": {"event_type": 1, "event_dest": 2, "name": "Garth Brooks", "description": "Ex Limerick", "event_date": "2022-09-11", "publish": true, "long_desc": "", "image_url": null, "image": "concert-travel-garth-brooks-1080x1080_frhvK6R.jpg"}}, {"model": "events.eventlist", "pk": 6, "fields": {"event_type": 1, "event_dest": 4, "name": "Westlife", "description": "Ex Limerick", "event_date": "2022-07-08", "publish": true, "long_desc": "WESTLIFE ANNOUNCE 2022 ‘THE WILD DREAMS’ TOUR\r\n\r\nMUSIC ICONS WILL PERFORM AT IRELAND’S AVIVA STADIUM FRIDAY 8TH & SECOND AND FINAL SHOW SATURDAY 9TH JULY ADDED DUE TO PHENOMENAL DEMAND!\r\n\r\nPERFORMING THEIR GREATEST HITS ‘SWEAR IT AGAIN’, ‘FLYING WITHOUT WINGS’ AND ‘WORLD OF OUR OWN’ AS WELL AS, FRESH POP ANTHEMS FROM THEIR HIGHLY ANTICIPATED UPCOMING NEW ALBUM ‘WILD DREAMS’.", "image_url": "https://8000-orange-ape-i2ed51hn.ws-eu20.gitpod.io/media/Westlife_WD_Standard.jpg", "image": "Westlife_WD_Standard.jpg"}}, {"model": "events.eventlist", "pk": 7, "fields": {"event_type": 1, "event_dest": 4, "name": "Westlife", "description": "Ex Limerick", "event_date": "2022-07-09", "publish": true, "long_desc": "ESTLIFE ANNOUNCE 2022 ‘THE WILD DREAMS’ TOUR\r\n\r\nMUSIC ICONS WILL PERFORM AT IRELAND’S AVIVA STADIUM FRIDAY 8TH & SECOND AND FINAL SHOW SATURDAY 9TH JULY ADDED DUE TO PHENOMENAL DEMAND!\r\n\r\nPERFORMING THEIR GREATEST HITS ‘SWEAR IT AGAIN’, ‘FLYING WITHOUT WINGS’ AND ‘WORLD OF OUR OWN’ AS WELL AS, FRESH POP ANTHEMS FROM THEIR HIGHLY ANTICIPATED UPCOMING NEW ALBUM ‘WILD DREAMS’.", "image_url": "https://8000-orange-ape-i2ed51hn.ws-eu20.gitpod.io/media/concert-travel-westlife2021.jpg", "image": "concert-travel-westlife2021.jpg"}}, {"model": "events.eventlist", "pk": 8, "fields": {"event_type": 1, "event_dest": 5, "name": "Westlife", "description": "Ex Limerick", "event_date": "2022-08-12", "publish": true, "long_desc": "Their concert on Friday 28 August 2020 is now rescheduled to Friday 12 August 2022 and their date on Saturday 29 August 2020 is now rescheduled to Saturday 13 August 2022.", "image_url": "https://8000-orange-ape-i2ed51hn.ws-eu20.gitpod.io/media/concert-travel-westlife.jpg", "image": "concert-travel-westlife.jpg"}}, {"model": "events.eventlist", "pk": 9, "fields": {"event_type": 1, "event_dest": 5, "name": "Westlife", "description": "Ex Limerick", "event_date": "2022-08-13", "publish": true, "long_desc": "", "image_url": "https://8000-orange-ape-i2ed51hn.ws-eu20.gitpod.io/media/concert-travel-westlife_kTKzsw1.jpg", "image": "concert-travel-westlife_kTKzsw1.jpg"}}, {"model": "events.eventlist", "pk": 10, "fields": {"event_type": 1, "event_dest": 1, "name": "Stormzy", "description": "Ex Limerick", "event_date": "2022-04-01", "publish": true, "long_desc": "", "image_url": "https://8000-orange-ape-i2ed51hn.ws-eu20.gitpod.io/media/concert-travel-stormzy.jpg", "image": "concert-travel-stormzy.jpg"}}, {"model": "events.eventlist", "pk": 11, "fields": {"event_type": 1, "event_dest": 1, "name": "Stormzy", "description": "Ex Limerick", "event_date": "2022-04-02", "publish": true, "long_desc": "", "image_url": null, "image": "concert-travel-stormzy.jpg"}}, {"model": "checkout.order", "pk": 1, "fields": {"order_number": "81B4F3093B2D47C7BC2FB1F38581B079", "full_name": "Jonathan Kelly", "email": "jonathan@gmail.com", "phone_number": "3539112345", "country": "AF", "postcode": "NA", "town_or_city": "Limerick", "street_address1": "Pallas", "street_address2": null, "county": "Limerick", "date": "2021-12-02T12:49:27.846Z", "order_total": "50.00", "original_bag": "asds", "stripe_pid": "1", "user_profile": null}}, {"model": "checkout.order", "pk": 2, "fields": {"order_number": "9EEF3F7540BA449A8E546896E0458FD5", "full_name": "Jonathan 2", "email": "jonathan@gmail.com", "phone_number": "0871234567", "country": "AF", "postcode": "none", "town_or_city": "Digital City", "street_address1": "Planet Code", "street_address2": null, "county": "none", "date": "2021-12-02T13:17:26.780Z", "order_total": "30.00", "original_bag": "asa", "stripe_pid": "asdas", "user_profile": null}}, {"model": "checkout.order", "pk": 3, "fields": {"order_number": "310C772AD4914831BFB1654E2F043B61", "full_name": "Jonathan 3", "email": "jonathan@gmail.com", "phone_number": "0871234567", "country": "AF", "postcode": "none", "town_or_city": "Digital City", "street_address1": "Planet Code", "street_address2": null, "county": "Limerick", "date": "2021-12-02T16:39:47.757Z", "order_total": "85.00", "original_bag": "asx", "stripe_pid": "s", "user_profile": null}}, {"model": "checkout.order", "pk": 4, "fields": {"order_number": "C6227789D8414F1DB7463987D649FF83", "full_name": "Test 1", "email": "kellyjona@gmail.com", "phone_number": "09887615", "country": "AF", "postcode": "v94aowo", "town_or_city": "Limerick", "street_address1": "Kilduff", "street_address2": "Pallasgreen", "county": "Co. Limerick", "date": "2021-12-07T00:43:34.878Z", "order_total": "0.00", "original_bag": "q", "stripe_pid": "q", "user_profile": null}}, {"model": "checkout.order", "pk": 5, "fields": {"order_number": "462CDD5DA0404645BE4BCBDE62C48341", "full_name": "Test 1", "email": "kellyjona@gmail.com", "phone_number": "09887615", "country": "AX", "postcode": "v94aowo", "town_or_city": "Limerick", "street_address1": "Kilduff", "street_address2": "Pallasgreen", "county": "Co. Limerick", "date": "2021-12-07T00:44:11.922Z", "order_total": "0.00", "original_bag": "w", "stripe_pid": "q", "user_profile": null}}, {"model": "checkout.order", "pk": 6, "fields": {"order_number": "5B4620B84226428688940363A0503D6D", "full_name": "Test 1", "email": "kellyjona@gmail.com", "phone_number": "09887615", "country": "AF", "postcode": "v94aowo", "town_or_city": "Limerick", "street_address1": "Kilduff", "street_address2": "Pallasgreen", "county": "Co. Limerick", "date": "2021-12-07T00:45:58.978Z", "order_total": "0.00", "original_bag": "q", "stripe_pid": "q", "user_profile": null}}, {"model": "checkout.order", "pk": 7, "fields": {"order_number": "DB9E7B6623A9474E93F2A5F587B5E123", "full_name": "Test 1", "email": "kellyjona@gmail.com", "phone_number": "09887615", "country": "AX", "postcode": "v94aowo", "town_or_city": "Limerick", "street_address1": "Kilduff", "street_address2": "Pallasgreen", "county": "Co. Limerick", "date": "2021-12-07T00:48:30.192Z", "order_total": "0.00", "original_bag": "w", "stripe_pid": "q", "user_profile": null}}, {"model": "checkout.order", "pk": 8, "fields": {"order_number": "BCEFB4D6ABA742C5A7595D869AA0689E", "full_name": "Test 1", "email": "kellyjona@gmail.com", "phone_number": "09887615", "country": "AF", "postcode": "v94aowo", "town_or_city": "Limerick", "street_address1": "Kilduff", "street_address2": "Pallasgreen", "county": "Co. Limerick", "date": "2021-12-07T00:49:43.737Z", "order_total": "50.00", "original_bag": "qw", "stripe_pid": "q", "user_profile": null}}, {"model": "checkout.order", "pk": 9, "fields": {"order_number": "6CA92F063EF14972874A8D00427C61B7", "full_name": "Test 1", "email": "testcheckout@gmail.com", "phone_number": "+3539223456", "country": "AF", "postcode": "none", "town_or_city": "Big City", "street_address1": "Somewhere", "street_address2": "4242424242424242424", "county": "Xounty", "date": "2021-12-07T00:50:07.354Z", "order_total": "0.00", "original_bag": "w", "stripe_pid": "q", "user_profile": null}}, {"model": "checkout.order", "pk": 10, "fields": {"order_number": "43ADE147068340A3B6A6FDB8FA3099BD", "full_name": "Test 1", "email": "testcheckout@gmail.com", "phone_number": "+3539223456", "country": "AL", "postcode": "none", "town_or_city": "Big City", "street_address1": "Somewhere", "street_address2": "4242424242424242424", "county": "Xounty", "date": "2021-12-07T01:03:47.308Z", "order_total": "50.00", "original_bag": "q", "stripe_pid": "q", "user_profile": null}}, {"model": "checkout.order", "pk": 11, "fields": {"order_number": "C5D84CC5C3A74D2B80BCAFE21C6D18C6", "full_name": "Test 1", "email": "testcheckout@gmail.com", "phone_number": "+3539223456", "country": "AX", "postcode": "none", "town_or_city": "Big City", "street_address1": "Somewhere", "street_address2": "4242424242424242424", "county": "Xounty", "date": "2021-12-07T01:13:22.463Z", "order_total": "50.00", "original_bag": "s", "stripe_pid": "w", "user_profile": null}}, {"model": "checkout.order", "pk": 12, "fields": {"order_number": "392F836ABC294AEC9F3BB08201E09623", "full_name": "Test 1", "email": "testcheckout@gmail.com", "phone_number": "+3539223456", "country": "DZ", "postcode": "none", "town_or_city": "Big City", "street_address1": "Somewhere", "street_address2": "4242424242424242424", "county": "Xounty", "date": "2021-12-07T01:36:26.671Z", "order_total": "30.00", "original_bag": "q", "stripe_pid": "q", "user_profile": null}}, {"model": "checkout.order", "pk": 13, "fields": {"order_number": "C665431389414F0F88EA4AE3336706C9", "full_name": "Test 1", "email": "testcheckout@gmail.com", "phone_number": "+3539223456", "country": "IE", "postcode": "none", "town_or_city": "Big City", "street_address1": "Somewhere", "street_address2": "4242424242424242424", "county": "Xounty", "date": "2021-12-07T02:05:58.214Z", "order_total": "300.00", "original_bag": "q", "stripe_pid": "q", "user_profile": null}}, {"model": "checkout.order", "pk": 14, "fields": {"order_number": "E9777B019F494E6E9DF8E47E70C1F853", "full_name": "Test 1", "email": "testcheckout@gmail.com", "phone_number": "+3539223456", "country": "AL", "postcode": "none", "town_or_city": "Big City", "street_address1": "Somewhere", "street_address2": "4242424242424242424", "county": "Xounty", "date": "2021-12-07T02:13:34.089Z", "order_total": "60.00", "original_bag": "q", "stripe_pid": "q", "user_profile": null}}, {"model": "checkout.order", "pk": 15, "fields": {"order_number": "17AB288B9649459E8285CC372C652B84", "full_name": "Test 1", "email": "kellyjona@gmail.com", "phone_number": "09887615", "country": "QA", "postcode": "v94aowo", "town_or_city": "Limerick", "street_address1": "Kilduff", "street_address2": "Pallasgreen", "county": "Co. Limerick", "date": "2021-12-07T02:14:37.956Z", "order_total": "40.00", "original_bag": "q", "stripe_pid": "w", "user_profile": null}}, {"model": "checkout.order", "pk": 16, "fields": {"order_number": "A525042B26914AA99A074BCD1D6CB9F9", "full_name": "Jonathan Kelly", "email": "kellyjona@gmail.com", "phone_number": "09887615", "country": "AX", "postcode": "v94aowo", "town_or_city": "Limerick", "street_address1": "Kilduff", "street_address2": "Pallasgreen", "county": "Co. Limerick", "date": "2021-12-07T02:41:04.113Z", "order_total": "60.00", "original_bag": "q", "stripe_pid": "w", "user_profile": null}}, {"model": "checkout.order", "pk": 17, "fields": {"order_number": "CD08FAE03B854B76919D7020C3C2C008", "full_name": "Test 1", "email": "testcheckout@gmail.com", "phone_number": "+3539223456", "country": "AF", "postcode": "none", "town_or_city": "Big City", "street_address1": "Somewhere", "street_address2": "4242424242424242424", "county": "Xounty", "date": "2021-12-07T02:56:20.903Z", "order_total": "400.00", "original_bag": "q", "stripe_pid": "w", "user_profile": null}}, {"model": "checkout.order", "pk": 18, "fields": {"order_number": "304640E8402A493D8CC40ADB8E6D92A8", "full_name": "Test 1", "email": "testcheckout@gmail.com", "phone_number": "+3539223456", "country": "AF", "postcode": "none", "town_or_city": "Big City", "street_address1": "Somewhere", "street_address2": "4242424242424242424", "county": "Xounty", "date": "2021-12-07T10:45:55.453Z", "order_total": "30.00", "original_bag": "q", "stripe_pid": "q", "user_profile": null}}, {"model": "checkout.order", "pk": 19, "fields": {"order_number": "078D72BBF353435AB046451A67CA9039", "full_name": "Jonathan Kelly", "email": "kellyjona@gmail.com", "phone_number": "09887615", "country": "AF", "postcode": "v94aowo", "town_or_city": "Limerick", "street_address1": "Kilduff", "street_address2": "Pallasgreen", "county": "Co. Limerick", "date": "2021-12-07T10:56:51.350Z", "order_total": "30.00", "original_bag": "a", "stripe_pid": "q", "user_profile": null}}, {"model": "checkout.order", "pk": 20, "fields": {"order_number": "AEF99A2F3E6E41C39D9A5ED7BEA90D6B", "full_name": "Test 1", "email": "testcheckout@gmail.com", "phone_number": "+3539223456", "country": "AF", "postcode": "none", "town_or_city": "Big City", "street_address1": "Somewhere", "street_address2": "4242424242424242424", "county": "Xounty", "date": "2021-12-07T10:57:27.425Z", "order_total": "30.00", "original_bag": "q", "stripe_pid": "q", "user_profile": null}}, {"model": "checkout.order", "pk": 21, "fields": {"order_number": "415139CD47EE41AAAD338B9C3ED3EFED", "full_name": "Test 1", "email": "testcheckout@gmail.com", "phone_number": "+3539223456", "country": "AF", "postcode": "none", "town_or_city": "Big City", "street_address1": "Somewhere", "street_address2": "4242424242424242424", "county": "Xounty", "date": "2021-12-07T10:58:18.360Z", "order_total": "30.00", "original_bag": "q", "stripe_pid": "q", "user_profile": null}}, {"model": "checkout.order", "pk": 22, "fields": {"order_number": "4AF48764F7B143D08FEFF91BCE87BAF2", "full_name": "Jonathan Kelly", "email": "kellyjona@gmail.com", "phone_number": "09887615", "country": "AF", "postcode": "v94aowo", "town_or_city": "Limerick", "street_address1": "Kilduff", "street_address2": "Pallasgreen", "county": "Co. Limerick", "date": "2021-12-07T10:59:41.926Z", "order_total": "30.00", "original_bag": "w", "stripe_pid": "w", "user_profile": null}}, {"model": "checkout.order", "pk": 23, "fields": {"order_number": "37299909467C4966B954EE443A368DE9", "full_name": "Test 1", "email": "testcheckout@gmail.com", "phone_number": "+3539223456", "country": "AF", "postcode": "none", "town_or_city": "Big City", "street_address1": "Somewhere", "street_address2": "4242424242424242424", "county": "Xounty", "date": "2021-12-07T11:00:46.026Z", "order_total": "30.00", "original_bag": "w", "stripe_pid": "q", "user_profile": null}}, {"model": "checkout.order", "pk": 24, "fields": {"order_number": "BD7F1B409EDD42318F7F6031C8451B48", "full_name": "Test 1", "email": "testcheckout@gmail.com", "phone_number": "+3539223456", "country": "IE", "postcode": "none", "town_or_city": "Big City", "street_address1": "Somewhere", "street_address2": "4242424242424242424", "county": "Xounty", "date": "2021-12-07T20:15:51.917Z", "order_total": "30.00", "original_bag": "{\"4:1\": 1}", "stripe_pid": "pi_3K4A4XGc2X9Nm4M21ElaVvjG", "user_profile": null}}, {"model": "checkout.order", "pk": 25, "fields": {"order_number": "05BA3E035EE746FDBCB00DE1AFE9E0D4", "full_name": "Test 1", "email": "testcheckout@gmail.com", "phone_number": "+3539223456", "country": "IE", "postcode": "none", "town_or_city": "Big City", "street_address1": "Somewhere", "street_address2": "4242424242424242424", "county": "Xounty", "date": "2021-12-07T22:20:15.306Z", "order_total": "30.00", "original_bag": "{\"1:1\": 1}", "stripe_pid": "pi_3K4C0wGc2X9Nm4M21xDszkZJ", "user_profile": null}}, {"model": "checkout.order", "pk": 26, "fields": {"order_number": "96A50ED6F9204100AAF00C9D37F81720", "full_name": "Test 1", "email": "testcheckout@gmail.com", "phone_number": "+3539223456", "country": "IE", "postcode": "none", "town_or_city": "Big City", "street_address1": "Somewhere", "street_address2": "4242424242424242424", "county": "Xounty", "date": "2021-12-07T22:32:24.048Z", "order_total": "150.00", "original_bag": "{\"1:1\": 5}", "stripe_pid": "pi_3K4CCkGc2X9Nm4M20qaJZB0I", "user_profile": null}}, {"model": "checkout.order", "pk": 27, "fields": {"order_number": "1C18527321CC413F9243F3CDB04B9CC3", "full_name": "Test 1", "email": "testcheckout@gmail.com", "phone_number": "+3539223456", "country": "IE", "postcode": "none", "town_or_city": "Big City", "street_address1": "Somewhere", "street_address2": "4242424242424242424", "county": "Xounty", "date": "2021-12-07T22:56:57.786Z", "order_total": "30.00", "original_bag": "{\"1:1\": 1}", "stripe_pid": "pi_3K4CaUGc2X9Nm4M20iakrhVc", "user_profile": null}}, {"model": "checkout.orderlineitem", "pk": 1, "fields": {"order": 1, "event": 1, "pickloc": 1, "price": "30.00", "pax_fullname": null, "pax_email": null, "pax_tel": null}}, {"model": "checkout.orderlineitem", "pk": 2, "fields": {"order": 1, "event": 10, "pickloc": 3, "price": "20.00", "pax_fullname": null, "pax_email": null, "pax_tel": null}}, {"model": "checkout.orderlineitem", "pk": 6, "fields": {"order": 2, "event": 1, "pickloc": 1, "price": "30.00", "pax_fullname": null, "pax_email": null, "pax_tel": null}}, {"model": "checkout.orderlineitem", "pk": 8, "fields": {"order": 3, "event": 1, "pickloc": 1, "price": "30.00", "pax_fullname": "Anakin", "pax_email": "jonathan@gmail.com", "pax_tel": "0879112345"}}, {"model": "checkout.orderlineitem", "pk": 9, "fields": {"order": 3, "event": 1, "pickloc": 1, "price": "30.00", "pax_fullname": "Darth Vader", "pax_email": "Darth@galactic.com", "pax_tel": "0898332145"}}, {"model": "checkout.orderlineitem", "pk": 10, "fields": {"order": 3, "event": 1, "pickloc": 2, "price": "25.00", "pax_fullname": "Princess Leia", "pax_email": "leia78@jedi-council.com", "pax_tel": null}}, {"model": "checkout.orderlineitem", "pk": 11, "fields": {"order": 8, "event": 1, "pickloc": 3, "price": "20.00", "pax_fullname": null, "pax_email": null, "pax_tel": null}}, {"model": "checkout.orderlineitem", "pk": 12, "fields": {"order": 8, "event": 11, "pickloc": 1, "price": "30.00", "pax_fullname": null, "pax_email": null, "pax_tel": null}}, {"model": "checkout.orderlineitem", "pk": 15, "fields": {"order": 10, "event": 1, "pickloc": 3, "price": "20.00", "pax_fullname": null, "pax_email": null, "pax_tel": null}}, {"model": "checkout.orderlineitem", "pk": 16, "fields": {"order": 10, "event": 11, "pickloc": 1, "price": "30.00", "pax_fullname": null, "pax_email": null, "pax_tel": null}}, {"model": "checkout.orderlineitem", "pk": 17, "fields": {"order": 11, "event": 1, "pickloc": 3, "price": "20.00", "pax_fullname": null, "pax_email": null, "pax_tel": null}}, {"model": "checkout.orderlineitem", "pk": 18, "fields": {"order": 11, "event": 11, "pickloc": 1, "price": "30.00", "pax_fullname": null, "pax_email": null, "pax_tel": null}}, {"model": "checkout.orderlineitem", "pk": 19, "fields": {"order": 12, "event": 2, "pickloc": 1, "price": "30.00", "pax_fullname": null, "pax_email": null, "pax_tel": null}}, {"model": "checkout.orderlineitem", "pk": 20, "fields": {"order": 13, "event": 1, "pickloc": 1, "price": "30.00", "pax_fullname": null, "pax_email": null, "pax_tel": null}}, {"model": "checkout.orderlineitem", "pk": 21, "fields": {"order": 13, "event": 1, "pickloc": 1, "price": "30.00", "pax_fullname": null, "pax_email": null, "pax_tel": null}}, {"model": "checkout.orderlineitem", "pk": 22, "fields": {"order": 13, "event": 1, "pickloc": 1, "price": "30.00", "pax_fullname": null, "pax_email": null, "pax_tel": null}}, {"model": "checkout.orderlineitem", "pk": 23, "fields": {"order": 13, "event": 1, "pickloc": 1, "price": "30.00", "pax_fullname": null, "pax_email": null, "pax_tel": null}}, {"model": "checkout.orderlineitem", "pk": 24, "fields": {"order": 13, "event": 1, "pickloc": 1, "price": "30.00", "pax_fullname": null, "pax_email": null, "pax_tel": null}}, {"model": "checkout.orderlineitem", "pk": 25, "fields": {"order": 13, "event": 1, "pickloc": 1, "price": "30.00", "pax_fullname": null, "pax_email": null, "pax_tel": null}}, {"model": "checkout.orderlineitem", "pk": 26, "fields": {"order": 13, "event": 1, "pickloc": 1, "price": "30.00", "pax_fullname": null, "pax_email": null, "pax_tel": null}}, {"model": "checkout.orderlineitem", "pk": 27, "fields": {"order": 13, "event": 1, "pickloc": 1, "price": "30.00", "pax_fullname": null, "pax_email": null, "pax_tel": null}}, {"model": "checkout.orderlineitem", "pk": 28, "fields": {"order": 13, "event": 1, "pickloc": 1, "price": "30.00", "pax_fullname": null, "pax_email": null, "pax_tel": null}}, {"model": "checkout.orderlineitem", "pk": 29, "fields": {"order": 13, "event": 1, "pickloc": 1, "price": "30.00", "pax_fullname": null, "pax_email": null, "pax_tel": null}}, {"model": "checkout.orderlineitem", "pk": 30, "fields": {"order": 14, "event": 1, "pickloc": 3, "price": "20.00", "pax_fullname": null, "pax_email": null, "pax_tel": null}}, {"model": "checkout.orderlineitem", "pk": 31, "fields": {"order": 14, "event": 1, "pickloc": 3, "price": "20.00", "pax_fullname": null, "pax_email": null, "pax_tel": null}}, {"model": "checkout.orderlineitem", "pk": 32, "fields": {"order": 14, "event": 1, "pickloc": 3, "price": "20.00", "pax_fullname": null, "pax_email": null, "pax_tel": null}}, {"model": "checkout.orderlineitem", "pk": 33, "fields": {"order": 15, "event": 1, "pickloc": 3, "price": "20.00", "pax_fullname": null, "pax_email": null, "pax_tel": null}}, {"model": "checkout.orderlineitem", "pk": 34, "fields": {"order": 15, "event": 1, "pickloc": 3, "price": "20.00", "pax_fullname": null, "pax_email": null, "pax_tel": null}}, {"model": "checkout.orderlineitem", "pk": 35, "fields": {"order": 16, "event": 2, "pickloc": 1, "price": "30.00", "pax_fullname": null, "pax_email": null, "pax_tel": null}}, {"model": "checkout.orderlineitem", "pk": 36, "fields": {"order": 16, "event": 2, "pickloc": 1, "price": "30.00", "pax_fullname": null, "pax_email": null, "pax_tel": null}}, {"model": "checkout.orderlineitem", "pk": 37, "fields": {"order": 17, "event": 2, "pickloc": 1, "price": "30.00", "pax_fullname": null, "pax_email": null, "pax_tel": null}}, {"model": "checkout.orderlineitem", "pk": 38, "fields": {"order": 17, "event": 2, "pickloc": 1, "price": "30.00", "pax_fullname": null, "pax_email": null, "pax_tel": null}}, {"model": "checkout.orderlineitem", "pk": 39, "fields": {"order": 17, "event": 2, "pickloc": 1, "price": "30.00", "pax_fullname": null, "pax_email": null, "pax_tel": null}}, {"model": "checkout.orderlineitem", "pk": 40, "fields": {"order": 17, "event": 2, "pickloc": 1, "price": "30.00", "pax_fullname": null, "pax_email": null, "pax_tel": null}}, {"model": "checkout.orderlineitem", "pk": 41, "fields": {"order": 17, "event": 2, "pickloc": 1, "price": "30.00", "pax_fullname": null, "pax_email": null, "pax_tel": null}}, {"model": "checkout.orderlineitem", "pk": 42, "fields": {"order": 17, "event": 2, "pickloc": 1, "price": "30.00", "pax_fullname": null, "pax_email": null, "pax_tel": null}}, {"model": "checkout.orderlineitem", "pk": 43, "fields": {"order": 17, "event": 2, "pickloc": 1, "price": "30.00", "pax_fullname": null, "pax_email": null, "pax_tel": null}}, {"model": "checkout.orderlineitem", "pk": 44, "fields": {"order": 17, "event": 2, "pickloc": 1, "price": "30.00", "pax_fullname": null, "pax_email": null, "pax_tel": null}}, {"model": "checkout.orderlineitem", "pk": 45, "fields": {"order": 17, "event": 2, "pickloc": 1, "price": "30.00", "pax_fullname": null, "pax_email": null, "pax_tel": null}}, {"model": "checkout.orderlineitem", "pk": 46, "fields": {"order": 17, "event": 2, "pickloc": 1, "price": "30.00", "pax_fullname": null, "pax_email": null, "pax_tel": null}}, {"model": "checkout.orderlineitem", "pk": 47, "fields": {"order": 17, "event": 4, "pickloc": 2, "price": "25.00", "pax_fullname": null, "pax_email": null, "pax_tel": null}}, {"model": "checkout.orderlineitem", "pk": 48, "fields": {"order": 17, "event": 4, "pickloc": 2, "price": "25.00", "pax_fullname": null, "pax_email": null, "pax_tel": null}}, {"model": "checkout.orderlineitem", "pk": 49, "fields": {"order": 17, "event": 4, "pickloc": 2, "price": "25.00", "pax_fullname": null, "pax_email": null, "pax_tel": null}}, {"model": "checkout.orderlineitem", "pk": 50, "fields": {"order": 17, "event": 4, "pickloc": 2, "price": "25.00", "pax_fullname": null, "pax_email": null, "pax_tel": null}}, {"model": "checkout.orderlineitem", "pk": 51, "fields": {"order": 18, "event": 1, "pickloc": 1, "price": "30.00", "pax_fullname": null, "pax_email": null, "pax_tel": null}}, {"model": "checkout.orderlineitem", "pk": 52, "fields": {"order": 19, "event": 1, "pickloc": 1, "price": "30.00", "pax_fullname": null, "pax_email": null, "pax_tel": null}}, {"model": "checkout.orderlineitem", "pk": 53, "fields": {"order": 20, "event": 1, "pickloc": 1, "price": "30.00", "pax_fullname": null, "pax_email": null, "pax_tel": null}}, {"model": "checkout.orderlineitem", "pk": 54, "fields": {"order": 21, "event": 1, "pickloc": 1, "price": "30.00", "pax_fullname": null, "pax_email": null, "pax_tel": null}}, {"model": "checkout.orderlineitem", "pk": 55, "fields": {"order": 22, "event": 4, "pickloc": 1, "price": "30.00", "pax_fullname": null, "pax_email": null, "pax_tel": null}}, {"model": "checkout.orderlineitem", "pk": 56, "fields": {"order": 23, "event": 11, "pickloc": 1, "price": "30.00", "pax_fullname": null, "pax_email": null, "pax_tel": null}}, {"model": "checkout.orderlineitem", "pk": 57, "fields": {"order": 24, "event": 4, "pickloc": 1, "price": "30.00", "pax_fullname": null, "pax_email": null, "pax_tel": null}}, {"model": "checkout.orderlineitem", "pk": 58, "fields": {"order": 25, "event": 1, "pickloc": 1, "price": "30.00", "pax_fullname": null, "pax_email": null, "pax_tel": null}}, {"model": "checkout.orderlineitem", "pk": 59, "fields": {"order": 26, "event": 1, "pickloc": 1, "price": "30.00", "pax_fullname": null, "pax_email": null, "pax_tel": null}}, {"model": "checkout.orderlineitem", "pk": 60, "fields": {"order": 26, "event": 1, "pickloc": 1, "price": "30.00", "pax_fullname": null, "pax_email": null, "pax_tel": null}}, {"model": "checkout.orderlineitem", "pk": 61, "fields": {"order": 26, "event": 1, "pickloc": 1, "price": "30.00", "pax_fullname": null, "pax_email": null, "pax_tel": null}}, {"model": "checkout.orderlineitem", "pk": 62, "fields": {"order": 26, "event": 1, "pickloc": 1, "price": "30.00", "pax_fullname": null, "pax_email": null, "pax_tel": null}}, {"model": "checkout.orderlineitem", "pk": 63, "fields": {"order": 26, "event": 1, "pickloc": 1, "price": "30.00", "pax_fullname": null, "pax_email": null, "pax_tel": null}}, {"model": "checkout.orderlineitem", "pk": 64, "fields": {"order": 27, "event": 1, "pickloc": 1, "price": "30.00", "pax_fullname": null, "pax_email": null, "pax_tel": null}}]