[{"model": "admin.logentry", "pk": 1, "fields": {"action_time": "2021-11-28T21:48:57.777Z", "user": 1, "content_type": 7, "object_id": "1", "object_repr": "concerttravel.example.com", "action_flag": 2, "change_message": "[{\"changed\": {\"fields\": [\"Domain name\", \"Display name\"]}}]"}}, {"model": "admin.logentry", "pk": 2, "fields": {"action_time": "2021-11-28T21:49:29.472Z", "user": 1, "content_type": 7, "object_id": "1", "object_repr": "concert-travel.example.com", "action_flag": 2, "change_message": "[{\"changed\": {\"fields\": [\"Domain name\"]}}]"}}, {"model": "admin.logentry", "pk": 3, "fields": {"action_time": "2021-11-28T22:18:20.036Z", "user": 1, "content_type": 8, "object_id": "1", "object_repr": "superuser@someemail.com", "action_flag": 1, "change_message": "[{\"added\": {}}]"}}, {"model": "admin.logentry", "pk": 4, "fields": {"action_time": "2021-11-28T22:41:31.245Z", "user": 1, "content_type": 8, "object_id": "2", "object_repr": "newuser@someemail.com", "action_flag": 2, "change_message": "[{\"changed\": {\"fields\": [\"Verified\"]}}]"}}, {"model": "admin.logentry", "pk": 5, "fields": {"action_time": "2021-11-29T19:33:43.934Z", "user": 1, "content_type": 15, "object_id": "1", "object_repr": "Limerick", "action_flag": 1, "change_message": "[{\"added\": {}}]"}}, {"model": "admin.logentry", "pk": 6, "fields": {"action_time": "2021-11-29T19:34:21.670Z", "user": 1, "content_type": 15, "object_id": "2", "object_repr": "Nenagh", "action_flag": 1, "change_message": "[{\"added\": {}}]"}}, {"model": "admin.logentry", "pk": 7, "fields": {"action_time": "2021-11-29T19:34:31.018Z", "user": 1, "content_type": 15, "object_id": "3", "object_repr": "Roscrea", "action_flag": 1, "change_message": "[{\"added\": {}}]"}}, {"model": "admin.logentry", "pk": 8, "fields": {"action_time": "2021-11-29T19:35:23.390Z", "user": 1, "content_type": 13, "object_id": "1", "object_repr": "3Arena", "action_flag": 1, "change_message": "[{\"added\": {}}]"}}, {"model": "admin.logentry", "pk": 9, "fields": {"action_time": "2021-11-29T19:35:38.409Z", "user": 1, "content_type": 13, "object_id": "2", "object_repr": "Croke Park", "action_flag": 1, "change_message": "[{\"added\": {}}]"}}, {"model": "admin.logentry", "pk": 10, "fields": {"action_time": "2021-11-29T19:35:53.444Z", "user": 1, "content_type": 13, "object_id": "3", "object_repr": "Malahide Castle", "action_flag": 1, "change_message": "[{\"added\": {}}]"}}, {"model": "admin.logentry", "pk": 11, "fields": {"action_time": "2021-11-29T19:36:06.466Z", "user": 1, "content_type": 14, "object_id": "1", "object_repr": "Concert", "action_flag": 1, "change_message": "[{\"added\": {}}]"}}, {"model": "admin.logentry", "pk": 12, "fields": {"action_time": "2021-11-29T19:36:11.596Z", "user": 1, "content_type": 14, "object_id": "2", "object_repr": "Festival", "action_flag": 1, "change_message": "[{\"added\": {}}]"}}, {"model": "admin.logentry", "pk": 13, "fields": {"action_time": "2021-11-29T19:36:15.646Z", "user": 1, "content_type": 14, "object_id": "3", "object_repr": "Sporting", "action_flag": 1, "change_message": "[{\"added\": {}}]"}}, {"model": "admin.logentry", "pk": 14, "fields": {"action_time": "2021-11-29T19:36:19.706Z", "user": 1, "content_type": 14, "object_id": "4", "object_repr": "Shopping", "action_flag": 1, "change_message": "[{\"added\": {}}]"}}, {"model": "admin.logentry", "pk": 15, "fields": {"action_time": "2021-11-29T19:36:23.698Z", "user": 1, "content_type": 14, "object_id": "5", "object_repr": "Day Trip", "action_flag": 1, "change_message": "[{\"added\": {}}]"}}, {"model": "admin.logentry", "pk": 16, "fields": {"action_time": "2021-11-29T19:39:01.281Z", "user": 1, "content_type": 16, "object_id": "1", "object_repr": "Dermot Kennedy", "action_flag": 1, "change_message": "[{\"added\": {}}]"}}, {"model": "admin.logentry", "pk": 17, "fields": {"action_time": "2021-11-29T19:40:27.006Z", "user": 1, "content_type": 16, "object_id": "2", "object_repr": "Dermot Kennedy", "action_flag": 1, "change_message": "[{\"added\": {}}]"}}, {"model": "admin.logentry", "pk": 18, "fields": {"action_time": "2021-11-30T09:58:42.609Z", "user": 1, "content_type": 16, "object_id": "3", "object_repr": "Garth Brooks", "action_flag": 1, "change_message": "[{\"added\": {}}]"}}, {"model": "admin.logentry", "pk": 19, "fields": {"action_time": "2021-11-30T09:59:26.662Z", "user": 1, "content_type": 16, "object_id": "4", "object_repr": "Garth Brooks", "action_flag": 1, "change_message": "[{\"added\": {}}]"}}, {"model": "admin.logentry", "pk": 20, "fields": {"action_time": "2021-11-30T10:00:59.277Z", "user": 1, "content_type": 16, "object_id": "5", "object_repr": "Garth Brooks", "action_flag": 1, "change_message": "[{\"added\": {}}]"}}, {"model": "admin.logentry", "pk": 21, "fields": {"action_time": "2021-11-30T10:01:39.904Z", "user": 1, "content_type": 13, "object_id": "4", "object_repr": "Aviva Stadium", "action_flag": 1, "change_message": "[{\"added\": {}}]"}}, {"model": "admin.logentry", "pk": 22, "fields": {"action_time": "2021-11-30T10:03:53.580Z", "user": 1, "content_type": 16, "object_id": "6", "object_repr": "Westlife", "action_flag": 1, "change_message": "[{\"added\": {}}]"}}, {"model": "admin.logentry", "pk": 23, "fields": {"action_time": "2021-11-30T10:05:03.718Z", "user": 1, "content_type": 16, "object_id": "7", "object_repr": "Westlife", "action_flag": 1, "change_message": "[{\"added\": {}}]"}}, {"model": "admin.logentry", "pk": 24, "fields": {"action_time": "2021-11-30T10:05:29.458Z", "user": 1, "content_type": 13, "object_id": "5", "object_repr": "Pairc UÍ Chaoimh", "action_flag": 1, "change_message": "[{\"added\": {}}]"}}, {"model": "admin.logentry", "pk": 25, "fields": {"action_time": "2021-11-30T10:07:19.128Z", "user": 1, "content_type": 16, "object_id": "8", "object_repr": "Westlife", "action_flag": 1, "change_message": "[{\"added\": {}}]"}}, {"model": "admin.logentry", "pk": 26, "fields": {"action_time": "2021-11-30T10:07:40.213Z", "user": 1, "content_type": 16, "object_id": "9", "object_repr": "Westlife", "action_flag": 1, "change_message": "[{\"added\": {}}]"}}, {"model": "admin.logentry", "pk": 27, "fields": {"action_time": "2021-11-30T11:03:59.991Z", "user": 1, "content_type": 16, "object_id": "3", "object_repr": "Garth Brooks", "action_flag": 2, "change_message": "[{\"changed\": {\"fields\": [\"Image\"]}}]"}}, {"model": "admin.logentry", "pk": 28, "fields": {"action_time": "2021-11-30T11:04:06.763Z", "user": 1, "content_type": 16, "object_id": "4", "object_repr": "Garth Brooks", "action_flag": 2, "change_message": "[{\"changed\": {\"fields\": [\"Image\"]}}]"}}, {"model": "admin.logentry", "pk": 29, "fields": {"action_time": "2021-11-30T11:04:15.779Z", "user": 1, "content_type": 16, "object_id": "5", "object_repr": "Garth Brooks", "action_flag": 2, "change_message": "[{\"changed\": {\"fields\": [\"Image\"]}}]"}}, {"model": "admin.logentry", "pk": 30, "fields": {"action_time": "2021-11-30T16:57:35.096Z", "user": 1, "content_type": 16, "object_id": "1", "object_repr": "Dermot Kennedy", "action_flag": 2, "change_message": "[{\"changed\": {\"fields\": [\"Image\"]}}]"}}, {"model": "admin.logentry", "pk": 31, "fields": {"action_time": "2021-11-30T16:58:19.338Z", "user": 1, "content_type": 16, "object_id": "2", "object_repr": "Dermot Kennedy", "action_flag": 2, "change_message": "[{\"changed\": {\"fields\": [\"Image\"]}}]"}}, {"model": "admin.logentry", "pk": 32, "fields": {"action_time": "2021-11-30T17:12:24.700Z", "user": 1, "content_type": 16, "object_id": "1", "object_repr": "Dermot Kennedy", "action_flag": 2, "change_message": "[{\"changed\": {\"fields\": [\"Image\"]}}]"}}, {"model": "admin.logentry", "pk": 33, "fields": {"action_time": "2021-11-30T17:13:25.393Z", "user": 1, "content_type": 16, "object_id": "2", "object_repr": "Dermot Kennedy", "action_flag": 2, "change_message": "[{\"changed\": {\"fields\": [\"Image url\", \"Image\"]}}]"}}, {"model": "admin.logentry", "pk": 34, "fields": {"action_time": "2021-11-30T17:13:39.949Z", "user": 1, "content_type": 16, "object_id": "1", "object_repr": "Dermot Kennedy", "action_flag": 2, "change_message": "[]"}}, {"model": "admin.logentry", "pk": 35, "fields": {"action_time": "2021-11-30T17:13:57.540Z", "user": 1, "content_type": 16, "object_id": "1", "object_repr": "Dermot Kennedy", "action_flag": 2, "change_message": "[{\"changed\": {\"fields\": [\"Image url\", \"Image\"]}}]"}}, {"model": "admin.logentry", "pk": 36, "fields": {"action_time": "2021-11-30T17:14:29.834Z", "user": 1, "content_type": 16, "object_id": "2", "object_repr": "Dermot Kennedy", "action_flag": 2, "change_message": "[{\"changed\": {\"fields\": [\"Image\"]}}]"}}, {"model": "admin.logentry", "pk": 37, "fields": {"action_time": "2021-11-30T17:14:46.716Z", "user": 1, "content_type": 16, "object_id": "1", "object_repr": "Dermot Kennedy", "action_flag": 2, "change_message": "[{\"changed\": {\"fields\": [\"Image\"]}}]"}}, {"model": "admin.logentry", "pk": 38, "fields": {"action_time": "2021-11-30T17:19:42.097Z", "user": 1, "content_type": 16, "object_id": "3", "object_repr": "Garth Brooks", "action_flag": 2, "change_message": "[{\"changed\": {\"fields\": [\"Image\"]}}]"}}, {"model": "admin.logentry", "pk": 39, "fields": {"action_time": "2021-11-30T17:20:02.227Z", "user": 1, "content_type": 16, "object_id": "4", "object_repr": "Garth Brooks", "action_flag": 2, "change_message": "[{\"changed\": {\"fields\": [\"Image\"]}}]"}}, {"model": "admin.logentry", "pk": 40, "fields": {"action_time": "2021-11-30T17:20:12.931Z", "user": 1, "content_type": 16, "object_id": "5", "object_repr": "Garth Brooks", "action_flag": 2, "change_message": "[{\"changed\": {\"fields\": [\"Image\"]}}]"}}, {"model": "admin.logentry", "pk": 41, "fields": {"action_time": "2021-11-30T17:27:25.755Z", "user": 1, "content_type": 16, "object_id": "6", "object_repr": "Westlife", "action_flag": 2, "change_message": "[{\"changed\": {\"fields\": [\"Image\"]}}]"}}, {"model": "admin.logentry", "pk": 42, "fields": {"action_time": "2021-11-30T17:28:29.446Z", "user": 1, "content_type": 16, "object_id": "7", "object_repr": "Westlife", "action_flag": 2, "change_message": "[{\"changed\": {\"fields\": [\"Image\"]}}]"}}, {"model": "admin.logentry", "pk": 43, "fields": {"action_time": "2021-11-30T17:36:34.648Z", "user": 1, "content_type": 16, "object_id": "8", "object_repr": "Westlife", "action_flag": 2, "change_message": "[{\"changed\": {\"fields\": [\"Image\"]}}]"}}, {"model": "admin.logentry", "pk": 44, "fields": {"action_time": "2021-11-30T17:36:47.366Z", "user": 1, "content_type": 16, "object_id": "9", "object_repr": "Westlife", "action_flag": 2, "change_message": "[{\"changed\": {\"fields\": [\"Image\"]}}]"}}, {"model": "admin.logentry", "pk": 45, "fields": {"action_time": "2021-11-30T17:41:48.868Z", "user": 1, "content_type": 16, "object_id": "10", "object_repr": "Stormzy", "action_flag": 1, "change_message": "[{\"added\": {}}]"}}, {"model": "admin.logentry", "pk": 46, "fields": {"action_time": "2021-11-30T17:42:32.172Z", "user": 1, "content_type": 16, "object_id": "11", "object_repr": "Stormzy", "action_flag": 1, "change_message": "[{\"added\": {}}]"}}, {"model": "admin.logentry", "pk": 47, "fields": {"action_time": "2021-12-01T16:51:05.916Z", "user": 1, "content_type": 16, "object_id": "10", "object_repr": "Stormzy", "action_flag": 2, "change_message": "[{\"changed\": {\"fields\": [\"Image\"]}}]"}}, {"model": "admin.logentry", "pk": 48, "fields": {"action_time": "2021-12-01T16:51:50.991Z", "user": 1, "content_type": 16, "object_id": "10", "object_repr": "Stormzy", "action_flag": 2, "change_message": "[{\"changed\": {\"fields\": [\"Image url\"]}}]"}}, {"model": "admin.logentry", "pk": 49, "fields": {"action_time": "2021-12-01T16:52:30.040Z", "user": 1, "content_type": 16, "object_id": "3", "object_repr": "Garth Brooks", "action_flag": 2, "change_message": "[{\"changed\": {\"fields\": [\"Image url\"]}}]"}}, {"model": "admin.logentry", "pk": 50, "fields": {"action_time": "2021-12-01T17:27:12.097Z", "user": 1, "content_type": 16, "object_id": "6", "object_repr": "Westlife", "action_flag": 2, "change_message": "[{\"changed\": {\"fields\": [\"Image url\"]}}]"}}, {"model": "admin.logentry", "pk": 51, "fields": {"action_time": "2021-12-01T17:27:51.003Z", "user": 1, "content_type": 16, "object_id": "7", "object_repr": "Westlife", "action_flag": 2, "change_message": "[{\"changed\": {\"fields\": [\"Image url\"]}}]"}}, {"model": "admin.logentry", "pk": 52, "fields": {"action_time": "2021-12-01T17:28:01.350Z", "user": 1, "content_type": 16, "object_id": "8", "object_repr": "Westlife", "action_flag": 2, "change_message": "[{\"changed\": {\"fields\": [\"Image url\"]}}]"}}, {"model": "admin.logentry", "pk": 53, "fields": {"action_time": "2021-12-01T17:28:15.309Z", "user": 1, "content_type": 16, "object_id": "9", "object_repr": "Westlife", "action_flag": 2, "change_message": "[{\"changed\": {\"fields\": [\"Image url\"]}}]"}}, {"model": "admin.logentry", "pk": 54, "fields": {"action_time": "2021-12-01T19:50:46.722Z", "user": 1, "content_type": 16, "object_id": "2", "object_repr": "Dermot Kennedy", "action_flag": 2, "change_message": "[{\"changed\": {\"fields\": [\"Long desc\"]}}]"}}, {"model": "admin.logentry", "pk": 55, "fields": {"action_time": "2021-12-02T12:49:27.849Z", "user": 1, "content_type": 18, "object_id": "1", "object_repr": "81B4F3093B2D47C7BC2FB1F38581B079", "action_flag": 1, "change_message": "[{\"added\": {}}, {\"added\": {\"name\": \"order line item\", \"object\": \"SKU 1 on order 81B4F3093B2D47C7BC2FB1F38581B079\"}}, {\"added\": {\"name\": \"order line item\", \"object\": \"SKU 10 on order 81B4F3093B2D47C7BC2FB1F38581B079\"}}, {\"added\": {\"name\": \"order line item\", \"object\": \"SKU 6 on order 81B4F3093B2D47C7BC2FB1F38581B079\"}}]"}}, {"model": "admin.logentry", "pk": 56, "fields": {"action_time": "2021-12-02T13:17:26.786Z", "user": 1, "content_type": 18, "object_id": "2", "object_repr": "9EEF3F7540BA449A8E546896E0458FD5", "action_flag": 1, "change_message": "[{\"added\": {}}, {\"added\": {\"name\": \"order line item\", \"object\": \"Event_ID: 1 on order 9EEF3F7540BA449A8E546896E0458FD5\"}}, {\"added\": {\"name\": \"order line item\", \"object\": \"Event_ID: 1 on order 9EEF3F7540BA449A8E546896E0458FD5\"}}, {\"added\": {\"name\": \"order line item\", \"object\": \"Event_ID: 1 on order 9EEF3F7540BA449A8E546896E0458FD5\"}}, {\"added\": {\"name\": \"order line item\", \"object\": \"Event_ID: 5 on order 9EEF3F7540BA449A8E546896E0458FD5\"}}]"}}, {"model": "admin.logentry", "pk": 57, "fields": {"action_time": "2021-12-02T13:53:29.358Z", "user": 1, "content_type": 18, "object_id": "2", "object_repr": "9EEF3F7540BA449A8E546896E0458FD5", "action_flag": 2, "change_message": "[]"}}, {"model": "admin.logentry", "pk": 58, "fields": {"action_time": "2021-12-02T13:53:45.599Z", "user": 1, "content_type": 18, "object_id": "2", "object_repr": "9EEF3F7540BA449A8E546896E0458FD5", "action_flag": 2, "change_message": "[{\"changed\": {\"name\": \"order line item\", \"object\": \"Event_ID: 5 on order 9EEF3F7540BA449A8E546896E0458FD5\", \"fields\": [\"Price\"]}}]"}}, {"model": "admin.logentry", "pk": 59, "fields": {"action_time": "2021-12-02T16:31:05.230Z", "user": 1, "content_type": 18, "object_id": "2", "object_repr": "9EEF3F7540BA449A8E546896E0458FD5", "action_flag": 2, "change_message": "[{\"deleted\": {\"name\": \"order line item\", \"object\": \"Event_ID: 5 on order 9EEF3F7540BA449A8E546896E0458FD5\"}}]"}}, {"model": "admin.logentry", "pk": 60, "fields": {"action_time": "2021-12-02T16:31:20.266Z", "user": 1, "content_type": 18, "object_id": "2", "object_repr": "9EEF3F7540BA449A8E546896E0458FD5", "action_flag": 2, "change_message": "[{\"changed\": {\"name\": \"order line item\", \"object\": \"Event_ID: 1 on order 9EEF3F7540BA449A8E546896E0458FD5\", \"fields\": [\"Price\"]}}]"}}, {"model": "admin.logentry", "pk": 61, "fields": {"action_time": "2021-12-02T16:33:46.272Z", "user": 1, "content_type": 18, "object_id": "2", "object_repr": "9EEF3F7540BA449A8E546896E0458FD5", "action_flag": 2, "change_message": "[{\"changed\": {\"name\": \"order line item\", \"object\": \"Event_ID: 1 on order 9EEF3F7540BA449A8E546896E0458FD5\", \"fields\": [\"Price\"]}}]"}}, {"model": "admin.logentry", "pk": 62, "fields": {"action_time": "2021-12-02T16:33:58.135Z", "user": 1, "content_type": 18, "object_id": "1", "object_repr": "81B4F3093B2D47C7BC2FB1F38581B079", "action_flag": 2, "change_message": "[{\"deleted\": {\"name\": \"order line item\", \"object\": \"Event_ID: 6 on order 81B4F3093B2D47C7BC2FB1F38581B079\"}}]"}}, {"model": "admin.logentry", "pk": 63, "fields": {"action_time": "2021-12-02T16:39:47.763Z", "user": 1, "content_type": 18, "object_id": "3", "object_repr": "310C772AD4914831BFB1654E2F043B61", "action_flag": 1, "change_message": "[{\"added\": {}}, {\"added\": {\"name\": \"order line item\", \"object\": \"Event_ID: 1 on order 310C772AD4914831BFB1654E2F043B61\"}}, {\"added\": {\"name\": \"order line item\", \"object\": \"Event_ID: 1 on order 310C772AD4914831BFB1654E2F043B61\"}}, {\"added\": {\"name\": \"order line item\", \"object\": \"Event_ID: 1 on order 310C772AD4914831BFB1654E2F043B61\"}}]"}}, {"model": "admin.logentry", "pk": 64, "fields": {"action_time": "2021-12-02T18:48:30.090Z", "user": 1, "content_type": 16, "object_id": "3", "object_repr": "Garth Brooks", "action_flag": 2, "change_message": "[{\"changed\": {\"fields\": [\"Image url\"]}}]"}}, {"model": "admin.logentry", "pk": 65, "fields": {"action_time": "2021-12-02T18:58:52.022Z", "user": 1, "content_type": 16, "object_id": "1", "object_repr": "Dermot Kennedy", "action_flag": 2, "change_message": "[{\"changed\": {\"fields\": [\"Image\"]}}]"}}, {"model": "admin.logentry", "pk": 66, "fields": {"action_time": "2021-12-02T18:59:07.923Z", "user": 1, "content_type": 16, "object_id": "1", "object_repr": "Dermot Kennedy", "action_flag": 2, "change_message": "[{\"changed\": {\"fields\": [\"Image url\"]}}]"}}, {"model": "admin.logentry", "pk": 67, "fields": {"action_time": "2021-12-02T18:59:38.798Z", "user": 1, "content_type": 16, "object_id": "1", "object_repr": "Dermot Kennedy", "action_flag": 2, "change_message": "[{\"changed\": {\"fields\": [\"Image\"]}}]"}}, {"model": "admin.logentry", "pk": 68, "fields": {"action_time": "2021-12-02T19:12:16.084Z", "user": 1, "content_type": 16, "object_id": "1", "object_repr": "Dermot Kennedy", "action_flag": 2, "change_message": "[{\"changed\": {\"fields\": [\"Image url\"]}}]"}}, {"model": "auth.user", "pk": 1, "fields": {"password": "pbkdf2_sha256$260000$fSSfneiJcB6UCHeCppNUsR$Pc4FK4nr8e09WyvbJG+wAvGs9Kv9j4CAkpmiWn1vBgY=", "last_login": "2021-12-02T12:47:16.933Z", "is_superuser": true, "username": "superuser", "first_name": "", "last_name": "", "email": "", "is_staff": true, "is_active": true, "date_joined": "2021-11-28T21:13:48.794Z", "groups": [], "user_permissions": []}}, {"model": "auth.user", "pk": 2, "fields": {"password": "pbkdf2_sha256$260000$1MHDgqdxlAkQjdNlFkyq2M$XBj/RCR0Mc+TvszHCy7n+G0zV3IYreN1Mca34GcDRAQ=", "last_login": "2021-11-28T22:41:53.687Z", "is_superuser": false, "username": "user1", "first_name": "", "last_name": "", "email": "newuser@someemail.com", "is_staff": false, "is_active": true, "date_joined": "2021-11-28T22:40:08.800Z", "groups": [], "user_permissions": []}}, {"model": "sessions.session", "pk": "00ra2nw413sv5teg881468qo6ei6s0hz", "fields": {"session_data": ".eJxVjksOgzAMRO_iNYqcQALJsvueAcVO-LQVID4rxN2bSCza1VjzxqM5ofXHPrTHFtd2DOBAQvHrked3nDIILz_1s-B52teRRI6Im27iOYf4edzZv4LBb0P6Zm-VlGQ0hjpg401HRpFiTWVjiKsSa4w2aFaarZEaK5ZdZ2trI2JjqlRKvgd3poFOFlCCU5jELSLPNvnM5Lq-Lv9AXQ:1msNEW:Mp73foMAduIs0DsuGn890JRIMI30cRiNhwifFFfPWx0", "expire_date": "2021-12-15T10:53:04.521Z"}}, {"model": "sessions.session", "pk": "4jy1g1yidhu0d5yb6ni6dgohzzjgyua7", "fields": {"session_data": "eyJfc2Vzc2lvbl9leHBpcnkiOjB9:1mrSIP:qDjNFG603eJNjiS6MUMkL2s_Q_3BHR5x2azRkwuc1Rs", "expire_date": "2021-12-12T22:05:17.018Z"}}, {"model": "sessions.session", "pk": "50uncve5lmp3szjcadf8it299wr20uz2", "fields": {"session_data": "eyJiYWciOnsiMzoxIjoyLCIzOjMiOjEsIjE6MSI6MTB9fQ:1msQJD:SaD54Iwl9Jsts4o9TGKFZQfP-dp77P0z4I9ObxAYbTA", "expire_date": "2021-12-15T14:10:07.756Z"}}, {"model": "sessions.session", "pk": "bdt5timu3k1asecat47pe842x9dorsyi", "fields": {"session_data": ".eJxVjMsOwiAQRf-FtSED5enSvd9AmAGkaiAp7cr479qkC93ec859sRC3tYZt5CXMiZ2ZYKffDSM9cttBusd265x6W5cZ-a7wgw5-7Sk_L4f7d1DjqN-aopdCoNGQbAIXTUEjUZLGyRkkNYGF7JMmqckboUGRKMVb7zOAM4q9P9sMN0E:1mrmVn:Rr7beRnaY5YziKI5o4larHX2-0GQVRUy_kD99z4bk6Y", "expire_date": "2021-12-13T19:40:27.132Z"}}, {"model": "sessions.session", "pk": "deqkoeehq5zppa337k73wph8ksxplo9k", "fields": {"session_data": ".eJxVjDkOgzAQRe8ydWSNDV7L9DkDmhmbJYlAYqkQd0-QaGj_e-_vwNRB2sEkDckcD2hoW_tmW8rcDBkSaLhtTPIp4wnym8ZuUjKN6zywOhV10UW9ply-z8u9HfS09P9aKBqt2VnMPmMg17IzbMRyFRxLXaHHErMVYyU6bbEW3bbRx1gQg6vh-AG_qjta:1msVdl:YwNRukVZtIqIGIlTkl3gDlmfEvp6q1H3NbS75_1dhY8", "expire_date": "2021-12-15T19:51:41.082Z"}}, {"model": "sessions.session", "pk": "dussiz6q9pvytm2zvg8qbmy4t7621nhm", "fields": {"session_data": ".eJxVjMsOwiAQRf-FtSED5enSvd9AmAGkaiAp7cr479qkC93ec859sRC3tYZt5CXMiZ2ZYKffDSM9cttBusd265x6W5cZ-a7wgw5-7Sk_L4f7d1DjqN-aopdCoNGQbAIXTUEjUZLGyRkkNYGF7JMmqckboUGRKMVb7zOAM4q9P9sMN0E:1ms0vn:fAK5rYB-hNRdW-SrymMTqWQOk2Rw8cYgYINpIuhajAs", "expire_date": "2021-12-14T11:04:15.962Z"}}, {"model": "sessions.session", "pk": "ea6efcg2uxqm1tm7657k2zczsegh6hfm", "fields": {"session_data": "eyJfc2Vzc2lvbl9leHBpcnkiOjB9:1mrSIO:k4ALbI1fivuu6pyiChBwz_Lsi55bX4G6sVJqzeW-ybc", "expire_date": "2021-12-12T22:05:16.818Z"}}, {"model": "sessions.session", "pk": "lnqtyqz22i8jt5o2z8kcf3mnxbt0h4cg", "fields": {"session_data": ".eJxVjDkOhDAMRe_iGkVxIGs5_ZwBxU6AWQQSS4W4-5ARDZW_3192oNhD2AEDQjAV1OViBSgvYYOCoE8Q6v-vClfKHRW0cVuHdlvy3L4SBEC4MYr8yWMx0juO_SR4Gtf5RaJExOUu4jml_H1c2dvAEJfhbHP0CpGMlskm6aLpyChSrKl2hrippZXZJ81KszeoZcPYdd56n6V0poHjB3euQ1s:1msUFi:nveLpzaIjVGm4QmeyBrjRMedJ-8K3KwFwXgHWrXSCsU", "expire_date": "2021-12-15T18:22:46.689Z"}}, {"model": "sessions.session", "pk": "mn28pqq3k4ishp43q2p0azevqau2qwx3", "fields": {"session_data": "eyJiYWciOnsiMToxIjoxfX0:1msNSj:rEbyBPupKnvUxHl3Z-9nBzcrfz8M4GfiGpRSu4LcbEQ", "expire_date": "2021-12-15T11:07:45.066Z"}}, {"model": "sessions.session", "pk": "mn7ifbpo0lhcpcrws5djlwyjk73tlkx2", "fields": {"session_data": "eyJiYWciOnsiMToxIjoxLCIzOjMiOjEsIjExOjIiOjEwfX0:1msNja:YB4uFzVHp2j_SwgJFPvpoDknMuU2GeXL1XrW8yizZgM", "expire_date": "2021-12-15T11:25:10.736Z"}}, {"model": "sessions.session", "pk": "o9d5tcgdtxfgdxymfaspm3waxkbctiu5", "fields": {"session_data": "eyJiYWciOnsiNjoxIjoxLCIyOjEiOjIsIjM6MyI6MywiMTE6MyI6Mn19:1msNbS:ojJPtQ6O9FVSs0Vr_cuMBBiwHVkYGafUpDXCkyr6BNQ", "expire_date": "2021-12-15T11:16:46.704Z"}}, {"model": "sessions.session", "pk": "p4f14m6kse329fkckt6pwc8tf40ix3m1", "fields": {"session_data": "eyJiYWciOnsiNDoxIjo1LCI0OjMiOjEsIjQ6MiI6MX19:1msNGz:GE0uah3zjvOPSG8f6bNCN5eCyg19Tkdld0oWGr_x3HE", "expire_date": "2021-12-15T10:55:37.612Z"}}, {"model": "sessions.session", "pk": "umsv9k0e1mc0dmnstk6r9qt83uttosne", "fields": {"session_data": "eyJfbWVzc2FnZXMiOiJbW1wiX19qc29uX21lc3NhZ2VcIiwgMCwgMjUsIFwiWW91IGhhdmUgc2lnbmVkIG91dC5cIl1dIn0:1mrSsC:GfM-ERUnHMb2mguan-C8BTorKY9KeHI3MMWexfsOmKU", "expire_date": "2021-12-12T22:42:16.271Z"}}, {"model": "sessions.session", "pk": "zgip54b6mtsown7w2iomasvt8gynqfl3", "fields": {"session_data": ".eJxVjDsOgzAQRO-yNbLWBhvsMn3OgHbX5pNEIGGoEHcPSDRUI817Mzsw9RB20EFDMMWZ5syjgJa2dWi3nJZ2jBBAw6Njkm-aLhA_NPWzknlal5HVpaibZvWeY_q9bvdxMFAezrWQN1qzsxjriA25jp1hI5bLxrFUJdaYfLRirHinLVaiu87X3ifExlVw_AHiFTzS:1mssrn:VCLa0hLvu9saOdDfHo8X3S7gUxsp1YnXNK6yBzecuuM", "expire_date": "2021-12-16T20:39:43.960Z"}}, {"model": "sites.site", "pk": 1, "fields": {"domain": "concert-travel.example.com", "name": "Concert Travel"}}, {"model": "account.emailaddress", "pk": 1, "fields": {"user": 1, "email": "superuser@someemail.com", "verified": true, "primary": true}}, {"model": "account.emailaddress", "pk": 2, "fields": {"user": 2, "email": "newuser@someemail.com", "verified": true, "primary": true}}, {"model": "events.pickloc", "pk": 1, "fields": {"location": "Limerick", "pick_time": "14:00", "sort": 1, "fare": "30.00"}}, {"model": "events.pickloc", "pk": 2, "fields": {"location": "Nenagh", "pick_time": "14:30", "sort": 2, "fare": "25.00"}}, {"model": "events.pickloc", "pk": 3, "fields": {"location": "Roscrea", "pick_time": "15:00", "sort": 3, "fare": "20.00"}}, {"model": "events.eventtype", "pk": 1, "fields": {"event_type": "Concert", "friendly_name": null}}, {"model": "events.eventtype", "pk": 2, "fields": {"event_type": "Festival", "friendly_name": null}}, {"model": "events.eventtype", "pk": 3, "fields": {"event_type": "Sporting", "friendly_name": null}}, {"model": "events.eventtype", "pk": 4, "fields": {"event_type": "Shopping", "friendly_name": null}}, {"model": "events.eventtype", "pk": 5, "fields": {"event_type": "Day Trip", "friendly_name": null}}, {"model": "events.destination", "pk": 1, "fields": {"destination": "3Arena", "friendly_name": "The 3Arena Dublin"}}, {"model": "events.destination", "pk": 2, "fields": {"destination": "Croke Park", "friendly_name": "Croke Park Dublin"}}, {"model": "events.destination", "pk": 3, "fields": {"destination": "Malahide Castle", "friendly_name": "Malahide Castle Dublin"}}, {"model": "events.destination", "pk": 4, "fields": {"destination": "Aviva Stadium", "friendly_name": "The Aviva Stadium Dublin"}}, {"model": "events.destination", "pk": 5, "fields": {"destination": "Pairc UÍ Chaoimh", "friendly_name": "Pairc UÍ Chaoimh Cork"}}, {"model": "events.eventlist", "pk": 1, "fields": {"event_type": 1, "event_dest": 1, "name": "Dermot Kennedy", "description": "Ex Limerick", "event_date": "2021-12-13", "publish": true, "long_desc": "You won't go lonely - Full Concert in Aid of Focus Ireland & Pieta\r\n\r\nGlobal star DERMOT KENNEDY today announces two nights at 3Arena on December 13th and 14th, with all profits going to the PIETA and FOCUS IRELAND charities.\r\nGeneral tickets on sale from Friday 19th November.", "image_url": "https://8000-orange-ape-i2ed51hn.ws-eu21.gitpod.io/media/concert-travel-dermot-kennedy_XuDiaTp.png", "image": "concert-travel-dermot-kennedy_XuDiaTp.png"}}, {"model": "events.eventlist", "pk": 2, "fields": {"event_type": 1, "event_dest": 1, "name": "Dermot Kennedy", "description": "Ex Limerick", "event_date": "2021-12-14", "publish": true, "long_desc": "You won't go lonely - Full Concert in Aid of Focus Ireland & Pieta\r\n\r\nGlobal star DERMOT KENNEDY to play two nights at 3Arena on December 13th and 14th, with all profits going to the PIETA and FOCUS IRELAND charities.\r\nGeneral tickets on sale from Friday 19th November.", "image_url": "https://8000-orange-ape-i2ed51hn.ws-eu20.gitpod.io/media/concert-travel-dermot-kennedy.png", "image": "concert-travel-dermot-kennedy_oLTrSux.png"}}, {"model": "events.eventlist", "pk": 3, "fields": {"event_type": 1, "event_dest": 2, "name": "Garth Brooks", "description": "Ex Limerick", "event_date": "2022-09-09", "publish": true, "long_desc": "", "image_url": "https://8000-orange-ape-i2ed51hn.ws-eu21.gitpod.io/media/concert-travel-garth-brooks-1080x1080.jpg", "image": "concert-travel-garth-brooks-1080x1080.jpg"}}, {"model": "events.eventlist", "pk": 4, "fields": {"event_type": 1, "event_dest": 2, "name": "Garth Brooks", "description": "Ex Limerick", "event_date": "2022-09-10", "publish": true, "long_desc": "", "image_url": null, "image": "concert-travel-garth-brooks-1080x1080_VjM9kMX.jpg"}}, {"model": "events.eventlist", "pk": 5, "fields": {"event_type": 1, "event_dest": 2, "name": "Garth Brooks", "description": "Ex Limerick", "event_date": "2022-09-11", "publish": true, "long_desc": "", "image_url": null, "image": "concert-travel-garth-brooks-1080x1080_frhvK6R.jpg"}}, {"model": "events.eventlist", "pk": 6, "fields": {"event_type": 1, "event_dest": 4, "name": "Westlife", "description": "Ex Limerick", "event_date": "2022-07-08", "publish": true, "long_desc": "WESTLIFE ANNOUNCE 2022 ‘THE WILD DREAMS’ TOUR\r\n\r\nMUSIC ICONS WILL PERFORM AT IRELAND’S AVIVA STADIUM FRIDAY 8TH & SECOND AND FINAL SHOW SATURDAY 9TH JULY ADDED DUE TO PHENOMENAL DEMAND!\r\n\r\nPERFORMING THEIR GREATEST HITS ‘SWEAR IT AGAIN’, ‘FLYING WITHOUT WINGS’ AND ‘WORLD OF OUR OWN’ AS WELL AS, FRESH POP ANTHEMS FROM THEIR HIGHLY ANTICIPATED UPCOMING NEW ALBUM ‘WILD DREAMS’.", "image_url": "https://8000-orange-ape-i2ed51hn.ws-eu20.gitpod.io/media/Westlife_WD_Standard.jpg", "image": "Westlife_WD_Standard.jpg"}}, {"model": "events.eventlist", "pk": 7, "fields": {"event_type": 1, "event_dest": 4, "name": "Westlife", "description": "Ex Limerick", "event_date": "2022-07-09", "publish": true, "long_desc": "ESTLIFE ANNOUNCE 2022 ‘THE WILD DREAMS’ TOUR\r\n\r\nMUSIC ICONS WILL PERFORM AT IRELAND’S AVIVA STADIUM FRIDAY 8TH & SECOND AND FINAL SHOW SATURDAY 9TH JULY ADDED DUE TO PHENOMENAL DEMAND!\r\n\r\nPERFORMING THEIR GREATEST HITS ‘SWEAR IT AGAIN’, ‘FLYING WITHOUT WINGS’ AND ‘WORLD OF OUR OWN’ AS WELL AS, FRESH POP ANTHEMS FROM THEIR HIGHLY ANTICIPATED UPCOMING NEW ALBUM ‘WILD DREAMS’.", "image_url": "https://8000-orange-ape-i2ed51hn.ws-eu20.gitpod.io/media/concert-travel-westlife2021.jpg", "image": "concert-travel-westlife2021.jpg"}}, {"model": "events.eventlist", "pk": 8, "fields": {"event_type": 1, "event_dest": 5, "name": "Westlife", "description": "Ex Limerick", "event_date": "2022-08-12", "publish": true, "long_desc": "Their concert on Friday 28 August 2020 is now rescheduled to Friday 12 August 2022 and their date on Saturday 29 August 2020 is now rescheduled to Saturday 13 August 2022.", "image_url": "https://8000-orange-ape-i2ed51hn.ws-eu20.gitpod.io/media/concert-travel-westlife.jpg", "image": "concert-travel-westlife.jpg"}}, {"model": "events.eventlist", "pk": 9, "fields": {"event_type": 1, "event_dest": 5, "name": "Westlife", "description": "Ex Limerick", "event_date": "2022-08-13", "publish": true, "long_desc": "", "image_url": "https://8000-orange-ape-i2ed51hn.ws-eu20.gitpod.io/media/concert-travel-westlife_kTKzsw1.jpg", "image": "concert-travel-westlife_kTKzsw1.jpg"}}, {"model": "events.eventlist", "pk": 10, "fields": {"event_type": 1, "event_dest": 1, "name": "Stormzy", "description": "Ex Limerick", "event_date": "2022-04-01", "publish": true, "long_desc": "", "image_url": "https://8000-orange-ape-i2ed51hn.ws-eu20.gitpod.io/media/concert-travel-stormzy.jpg", "image": "concert-travel-stormzy.jpg"}}, {"model": "events.eventlist", "pk": 11, "fields": {"event_type": 1, "event_dest": 1, "name": "Stormzy", "description": "Ex Limerick", "event_date": "2022-04-02", "publish": true, "long_desc": "", "image_url": null, "image": "concert-travel-stormzy.jpg"}}, {"model": "checkout.order", "pk": 1, "fields": {"order_number": "81B4F3093B2D47C7BC2FB1F38581B079", "full_name": "Jonathan Kelly", "email": "jonathan@gmail.com", "phone_number": "3539112345", "country": "Ireland", "postcode": "NA", "town_or_city": "Limerick", "street_address1": "Pallas", "street_address2": null, "county": "Limerick", "date": "2021-12-02T12:49:27.846Z", "order_total": "50.00"}}, {"model": "checkout.order", "pk": 2, "fields": {"order_number": "9EEF3F7540BA449A8E546896E0458FD5", "full_name": "Jonathan 2", "email": "jonathan@gmail.com", "phone_number": "0871234567", "country": "Ireland", "postcode": "none", "town_or_city": "Digital City", "street_address1": "Planet Code", "street_address2": null, "county": "none", "date": "2021-12-02T13:17:26.780Z", "order_total": "90.00"}}, {"model": "checkout.order", "pk": 3, "fields": {"order_number": "310C772AD4914831BFB1654E2F043B61", "full_name": "Jonathan 3", "email": "jonathan@gmail.com", "phone_number": "0871234567", "country": "Ireland", "postcode": "none", "town_or_city": "Digital City", "street_address1": "Planet Code", "street_address2": null, "county": "Limerick", "date": "2021-12-02T16:39:47.757Z", "order_total": "85.00"}}, {"model": "checkout.orderlineitem", "pk": 1, "fields": {"order": 1, "event": 1, "pickloc": 1, "price": "30.00", "pax_fullname": null, "pax_email": null, "pax_tel": null}}, {"model": "checkout.orderlineitem", "pk": 2, "fields": {"order": 1, "event": 10, "pickloc": 3, "price": "20.00", "pax_fullname": null, "pax_email": null, "pax_tel": null}}, {"model": "checkout.orderlineitem", "pk": 4, "fields": {"order": 2, "event": 1, "pickloc": 1, "price": "30.00", "pax_fullname": null, "pax_email": null, "pax_tel": null}}, {"model": "checkout.orderlineitem", "pk": 5, "fields": {"order": 2, "event": 1, "pickloc": 1, "price": "30.00", "pax_fullname": null, "pax_email": null, "pax_tel": null}}, {"model": "checkout.orderlineitem", "pk": 6, "fields": {"order": 2, "event": 1, "pickloc": 1, "price": "30.00", "pax_fullname": null, "pax_email": null, "pax_tel": null}}, {"model": "checkout.orderlineitem", "pk": 8, "fields": {"order": 3, "event": 1, "pickloc": 1, "price": "30.00", "pax_fullname": "Anakin", "pax_email": "jonathan@gmail.com", "pax_tel": "0879112345"}}, {"model": "checkout.orderlineitem", "pk": 9, "fields": {"order": 3, "event": 1, "pickloc": 1, "price": "30.00", "pax_fullname": "Darth Vader", "pax_email": "Darth@galactic.com", "pax_tel": "0898332145"}}, {"model": "checkout.orderlineitem", "pk": 10, "fields": {"order": 3, "event": 1, "pickloc": 2, "price": "25.00", "pax_fullname": "Princess Leia", "pax_email": "leia78@jedi-council.com", "pax_tel": null}}]